trial,state,value,learning_rate,weight_decay,warmup_ratio,scheduler,pruned_at_step,optimizer_steps,training_time_seconds,peak_vram_gib
12,COMPLETE,2.6746036579359824,1.3073471890395049e-05,0.08130393887536734,0.07172442936149423,linear,,180,103.2967060180381,17.11540460586548
11,COMPLETE,2.6749687835351743,1.2579192421999839e-05,0.07157191208928396,0.07786868820052714,linear,,180,103.32535053696483,17.115068912506104
0,COMPLETE,2.6753520052231368,1.1844319751820392e-05,0.09507143064099162,0.0731993941811405,linear,,180,101.94950427400181,17.115923404693604
4,COMPLETE,2.675853538275951,2.045610287221892e-05,0.013949386065204183,0.029214464853521818,cosine,,180,103.25258656201186,17.115007877349854
6,COMPLETE,2.6759334974621067,2.0254188906648377e-05,0.017052412368729154,0.006505159298527952,cosine,,180,103.36004723299993,17.115068912506104
9,COMPLETE,2.676619613941629,2.2987528923660843e-05,0.031171107608941095,0.05200680211778108,linear,,180,103.27319097198779,17.115313053131104
3,COMPLETE,2.6795339442011135,7.627364729026299e-06,0.030424224295953775,0.052475643163223784,linear,,180,103.34846526401816,17.115068912506104
1,COMPLETE,2.6804095856585906,7.160849144555761e-06,0.005808361216819946,0.08661761457749352,cosine,,180,103.26957177603617,17.11516046524048
14,PRUNED,2.6813388013128026,1.0713766493417489e-05,0.058668825114755505,0.06354793155855536,linear,90,,,
10,PRUNED,2.6817225259334885,2.6533616109310154e-05,0.09072715363574337,0.07907097095562836,linear,90,,,
5,PRUNED,2.683711888185188,3.04891955476576e-05,0.019967378215835975,0.05142344384136116,linear,135,,,
8,PRUNED,2.685193995338174,6.6222906700496695e-06,0.04951769101112702,0.0034388521115218396,linear,90,,,
13,PRUNED,2.6852412757588855,1.0273788548038366e-05,0.06045629861393507,0.09901240648051966,linear,90,,,
15,PRUNED,2.6854542132040753,7.367033141603141e-06,0.09247140073310159,0.04283689234287365,linear,90,,,
2,COMPLETE,2.686232106602607,5.2426938625973105e-06,0.09699098521619944,0.08324426408004218,linear,,180,103.30891373200575,17.11778497695923
7,PRUNED,2.689364721525961,3.2163799964249475e-05,0.03046137691733707,0.009767211400638388,linear,90,,,
